STRSUBSTNO_Text000_PeriodText_;COMPANYNAME;Customer__No__;Customer_Name;LiterCaption;ValueEntryBuffer__Item_No__;Item_Description;ValueEntryBuffer__Invoiced_Quantity_;Item__Base_Unit_of_Measure_;Liter_Equiv
Period: 01.01.25..31.12.25;La Nebuleuse SA;1009;Great Escape;Liter;EMBF;Embuscade Keg 20l;390,;F;7 800,00
Period: 01.01.25..31.12.25;La Nebuleuse SA;1009;Great Escape;Liter;CAUF;Caution - Fût Inox 20L;22,;F;440,00
Period: 01.01.25..31.12.25;La Nebuleuse SA;1009;Great Escape;Liter;ALTF;Alternative Keg 20l;20,;F;400,00
Period: 01.01.25..31.12.25;La Nebuleuse SA;1010;Les Docks;Liter;ZEP4;Zepp 6x4 btls 33cl;13,;6X4B;102,96
Period: 01.01.25..31.12.25;La Nebuleuse SA;1010;Les Docks;Liter;EMB4;Embuscade Box 6x4 Btls 33cl;9,;6X4B;71,28
Period: 01.01.25..31.12.25;La Nebuleuse SA;1010;Les Docks;Liter;MOO4;Moonshine Box 6x4 Btls 33cl;6,;6X4B;47,52
Period: 01.01.25..31.12.25;La Nebuleuse SA;1010;Les Docks;Liter;DIV4;Diversion IPA Box 6x4 Btls 33cl;25,;6X4B;198,00
Period: 01.01.25..31.12.25;La Nebuleuse SA;1010;Les Docks;Liter;SPY4;Speakeasy Box 6x4 Btls 33cl;6,;6X4B;47,52
Period: 01.01.25..31.12.25;La Nebuleuse SA;1010;Les Docks;Liter;MOOF;Moonshine Keg 20l;176,;F;3 520,00
Period: 01.01.25..31.12.25;La Nebuleuse SA;1010;Les Docks;Liter;CAUF;Caution - Fût Inox 20L;90,;F;1 800,00
Period: 01.01.25..31.12.25;La Nebuleuse SA;1010;Les Docks;Liter;EPH3B;Éphémère 3 Box 24 Btle 33cl;3,;24B;23,76
Period: 01.01.25..31.12.25;La Nebuleuse SA;1010;Les Docks;Liter;STI4;Stirling Box 6x4 Btls 33cl;15,;6X4B;118,80
Period: 01.01.25..31.12.25;La Nebuleuse SA;1010;Les Docks;Liter;EMBF;Embuscade Keg 20l;245,;F;4 900,00
Period: 01.01.25..31.12.25;La Nebuleuse SA;1010;Les Docks;Liter;ZEPV;ZEPP Cuve;13 450,;L;13 450,00
Period: 01.01.25..31.12.25;La Nebuleuse SA;1010;Les Docks;Liter;DOA4;Double Oat Box 6x4 Btls 33cl;7,;6X4B;55,44
Period: 01.01.25..31.12.25;La Nebuleuse SA;1010;Les Docks;Liter;DIVB;Diversion IPA Box 24 Btls 33cl;45,;24B;356,40
Period: 01.01.25..31.12.25;La Nebuleuse SA;1010;Les Docks;Liter;MOOB;Moonshine Box 24 Btls 33cl;10,;24B;79,20
Period: 01.01.25..31.12.25;La Nebuleuse SA;1010;Les Docks;Liter;ZEPB;ZEPP' Box 24 Btls 33cl;9,;24B;71,28
Period: 01.01.25..31.12.25;La Nebuleuse SA;1010;Les Docks;Liter;ALTB;Alternative Box 24 Btls 33cl;2,;24B;15,84
Period: 01.01.25..31.12.25;La Nebuleuse SA;1010;Les Docks;Liter;DIBB;Diversion Blanche 24 bouteilles 33cl;17,;24B;134,64
Period: 01.01.25..31.12.25;La Nebuleuse SA;1010;Les Docks;Liter;EST4;Estafette Box 6x4 Btls 33cl;1,;6X4B;7,92
Period: 01.01.25..31.12.25;La Nebuleuse SA;1010;Les Docks;Liter;DOCB;Dockeuse Box 24 bouteilles 33cl;0,;24B;0,00
Period: 01.01.25..31.12.25;La Nebuleuse SA;1010;Les Docks;Liter;DOCF;Dockeuse Fût 20l;40,;F;800,00
Period: 01.01.25..31.12.25;La Nebuleuse SA;1010;Les Docks;Liter;ZEPF;ZEPP' Keg 20l;5,;F;100,00
Period: 01.01.25..31.12.25;La Nebuleuse SA;1010;Les Docks;Liter;EMBB;Embuscade Box 24 Btls 33cl;2,;24B;15,84
Period: 01.01.25..31.12.25;La Nebuleuse SA;1383;Hospitality Partners Sàrl (Le Pointu);Liter;ZEPF;ZEPP' Keg 20l;70,;F;1 400,00
Period: 01.01.25..31.12.25;La Nebuleuse SA;1383;Hospitality Partners Sàrl (Le Pointu);Liter;EMBF;Embuscade Keg 20l;39,;F;780,00
Period: 01.01.25..31.12.25;La Nebuleuse SA;1383;Hospitality Partners Sàrl (Le Pointu);Liter;MOOF;Moonshine Keg 20l;22,;F;440,00
Period: 01.01.25..31.12.25;La Nebuleuse SA;1383;Hospitality Partners Sàrl (Le Pointu);Liter;CAUF;Caution - Fût Inox 20L;74,;F;1 480,00
Period: 01.01.25..31.12.25;La Nebuleuse SA;1383;Hospitality Partners Sàrl (Le Pointu);Liter;STIF;Stirling Keg 20l;11,;F;220,00
Period: 01.01.25..31.12.25;La Nebuleuse SA;1383;Hospitality Partners Sàrl (Le Pointu);Liter;DIVF;Diversion IPA Fût;11,;F;220,00
Period: 01.01.25..31.12.25;La Nebuleuse SA;1383;Hospitality Partners Sàrl (Le Pointu);Liter;ALTF;Alternative Keg 20l;-2,;F;-40,00
Period: 01.01.25..31.12.25;La Nebuleuse SA;1383;Hospitality Partners Sàrl (Le Pointu);Liter;DIVB;Diversion IPA Box 24 Btls 33cl;0,;24B;0,00
Period: 01.01.25..31.12.25;La Nebuleuse SA;1393;AlloBoissons SA;Liter;MOO4C;Moonshine Box 6x4 Cans 50cl;135,;6X4C;1 620,00
Period: 01.01.25..31.12.25;La Nebuleuse SA;1393;AlloBoissons SA;Liter;DIV4;Diversion IPA Box 6x4 Btls 33cl;117,;6X4B;926,64
Period: 01.01.25..31.12.25;La Nebuleuse SA;1393;AlloBoissons SA;Liter;ZEPF;ZEPP' Keg 20l;3 272,;F;65 440,00
Period: 01.01.25..31.12.25;La Nebuleuse SA;1393;AlloBoissons SA;Liter;MOOF;Moonshine Keg 20l;1 345,;F;26 900,00
Period: 01.01.25..31.12.25;La Nebuleuse SA;1393;AlloBoissons SA;Liter;CAUF;Caution - Fût Inox 20L;-446,;F;-8 920,00
Period: 01.01.25..31.12.25;La Nebuleuse SA;1393;AlloBoissons SA;Liter;STI4;Stirling Box 6x4 Btls 33cl;405,;6X4B;3 207,60
Period: 01.01.25..31.12.25;La Nebuleuse SA;1393;AlloBoissons SA;Liter;ZEP4;Zepp 6x4 btls 33cl;108,;6X4B;855,36
Period: 01.01.25..31.12.25;La Nebuleuse SA;1393;AlloBoissons SA;Liter;EST4;Estafette Box 6x4 Btls 33cl;81,;6X4B;641,52
Period: 01.01.25..31.12.25;La Nebuleuse SA;1393;AlloBoissons SA;Liter;SPYF;Speakeasy Keg 20l;410,;F;8 200,00
Period: 01.01.25..31.12.25;La Nebuleuse SA;1393;AlloBoissons SA;Liter;DOAF;Double Oat Keg 20l;90,;F;1 800,00
Period: 01.01.25..31.12.25;La Nebuleuse SA;1393;AlloBoissons SA;Liter;ZEP6C;NE PLUS UTILISER - Zepp' Box 4x6 Cans 50cl;215,;4X6C;2 580,00
Period: 01.01.25..31.12.25;La Nebuleuse SA;1393;AlloBoissons SA;Liter;EMB4;Embuscade Box 6x4 Btls 33cl;27,;6X4B;213,84
Period: 01.01.25..31.12.25;La Nebuleuse SA;1393;AlloBoissons SA;Liter;MOO4;Moonshine Box 6x4 Btls 33cl;27,;6X4B;213,84
Period: 01.01.25..31.12.25;La Nebuleuse SA;1393;AlloBoissons SA;Liter;SPY4;Speakeasy Box 6x4 Btls 33cl;216,;6X4B;1 710,72
Period: 01.01.25..31.12.25;La Nebuleuse SA;1393;AlloBoissons SA;Liter;DOA4;Double Oat Box 6x4 Btls 33cl;135,;6X4B;1 069,20
Period: 01.01.25..31.12.25;La Nebuleuse SA;1393;AlloBoissons SA;Liter;STIF;Stirling Keg 20l;266,;F;5 320,00
Period: 01.01.25..31.12.25;La Nebuleuse SA;1393;AlloBoissons SA;Liter;STI4C;Stirling Box 6x4 Cans 50cl;177,;6X4C;2 124,00
Period: 01.01.25..31.12.25;La Nebuleuse SA;1393;AlloBoissons SA;Liter;EMBB;Embuscade Box 24 Btls 33cl;432,;24B;3 421,44
Period: 01.01.25..31.12.25;La Nebuleuse SA;1393;AlloBoissons SA;Liter;MOOB;Moonshine Box 24 Btls 33cl;432,;24B;3 421,44
Period: 01.01.25..31.12.25;La Nebuleuse SA;1393;AlloBoissons SA;Liter;DIVB;Diversion IPA Box 24 Btls 33cl;1 332,;24B;10 549,44
Period: 01.01.25..31.12.25;La Nebuleuse SA;1393;AlloBoissons SA;Liter;EMBF;Embuscade Keg 20l;2 187,;F;43 740,00
Period: 01.01.25..31.12.25;La Nebuleuse SA;1393;AlloBoissons SA;Liter;ESTF;Estafette Keg 20l;60,;F;1 200,00
Period: 01.01.25..31.12.25;La Nebuleuse SA;1393;AlloBoissons SA;Liter;EMB4C;Embuscade Box 6x4 Cans 50cl;135,;6X4C;1 620,00
Period: 01.01.25..31.12.25;La Nebuleuse SA;1393;AlloBoissons SA;Liter;ZEPB;ZEPP' Box 24 Btls 33cl;297,;24B;2 352,24
Period: 01.01.25..31.12.25;La Nebuleuse SA;1393;AlloBoissons SA;Liter;ZEPC;Zepp' Box 24 Cans 50cl;621,;24C;7 452,00
Period: 01.01.25..31.12.25;La Nebuleuse SA;1393;AlloBoissons SA;Liter;SPY4C;Speakeasy Box 6x4 Cans 50cl;52,;6X4C;624,00
Period: 01.01.25..31.12.25;La Nebuleuse SA;1393;AlloBoissons SA;Liter;PBD;NE PAS UTILISER - Pack 8 BD Bout;49,;8B;129,36
Period: 01.01.25..31.12.25;La Nebuleuse SA;1393;AlloBoissons SA;Liter;PACKDECX10;Pack Découverte de 10 bières;6,;10B;19,80
Period: 01.01.25..31.12.25;La Nebuleuse SA;1393;AlloBoissons SA;Liter;PD8;Pack Découverte 8x33cl bouteilles;7,;8B;18,48
Period: 01.01.25..31.12.25;La Nebuleuse SA;1393;AlloBoissons SA;Liter;XMASPACK;Pack de Noël 3 bouteilles et 1 verre 2025;105,;3B;103,95
Period: 01.01.25..31.12.25;La Nebuleuse SA;1393;AlloBoissons SA;Liter;DIBB;Diversion Blanche 24 bouteilles 33cl;54,;24B;427,68
Period: 01.01.25..31.12.25;La Nebuleuse SA;1991;Migros Partenaire Ouchy Sàrl;Liter;ZEPC;Zepp' Box 24 Cans 50cl;179,;24C;2 148,00
Period: 01.01.25..31.12.25;La Nebuleuse SA;1991;Migros Partenaire Ouchy Sàrl;Liter;EMB4C;Embuscade Box 6x4 Cans 50cl;47,;6X4C;564,00
Period: 01.01.25..31.12.25;La Nebuleuse SA;1991;Migros Partenaire Ouchy Sàrl;Liter;MOO4C;Moonshine Box 6x4 Cans 50cl;43,;6X4C;516,00
Period: 01.01.25..31.12.25;La Nebuleuse SA;1991;Migros Partenaire Ouchy Sàrl;Liter;STI4C;Stirling Box 6x4 Cans 50cl;39,;6X4C;468,00
Period: 01.01.25..31.12.25;La Nebuleuse SA;1991;Migros Partenaire Ouchy Sàrl;Liter;SPY4C;Speakeasy Box 6x4 Cans 50cl;15,;6X4C;180,00
Period: 01.01.25..31.12.25;La Nebuleuse SA;1991;Migros Partenaire Ouchy Sàrl;Liter;DIV4;Diversion IPA Box 6x4 Btls 33cl;2,;6X4B;15,84
Period: 01.01.25..31.12.25;La Nebuleuse SA;1991;Migros Partenaire Ouchy Sàrl;Liter;DIBB;Diversion Blanche 24 bouteilles 33cl;3,;24B;23,76
Period: 01.01.25..31.12.25;La Nebuleuse SA;1991;Migros Partenaire Ouchy Sàrl;Liter;DIVB;Diversion IPA Box 24 Btls 33cl;2,;24B;15,84
Period: 01.01.25..31.12.25;La Nebuleuse SA;2161;Loxton;Liter;EPH1F;Éphémère 1 - Tropic Like It's Hot  Fut 20l;10,;F;200,00
Period: 01.01.25..31.12.25;La Nebuleuse SA;2161;Loxton;Liter;CAUF;Caution - Fût Inox 20L;19,;F;380,00
Period: 01.01.25..31.12.25;La Nebuleuse SA;2161;Loxton;Liter;DIVB;Diversion IPA Box 24 Btls 33cl;7,;24B;55,44
Period: 01.01.25..31.12.25;La Nebuleuse SA;2161;Loxton;Liter;ZEPF;ZEPP' Keg 20l;43,;F;860,00
Period: 01.01.25..31.12.25;La Nebuleuse SA;2161;Loxton;Liter;EMBF;Embuscade Keg 20l;17,;F;340,00
Period: 01.01.25..31.12.25;La Nebuleuse SA;2161;Loxton;Liter;MOOF;Moonshine Keg 20l;18,;F;360,00
Period: 01.01.25..31.12.25;La Nebuleuse SA;2161;Loxton;Liter;EPH4F;Éphémère 4 Fut 20l;2,;F;40,00
Period: 01.01.25..31.12.25;La Nebuleuse SA;2161;Loxton;Liter;DIVF;Diversion IPA Fût;1,;F;20,00
Period: 01.01.25..31.12.25;La Nebuleuse SA;3053;La Rincette Sàrl ;Liter;SPYF;Speakeasy Keg 20l;5,;F;100,00
Period: 01.01.25..31.12.25;La Nebuleuse SA;3053;La Rincette Sàrl ;Liter;EMBF;Embuscade Keg 20l;5,;F;100,00
Period: 01.01.25..31.12.25;La Nebuleuse SA;3053;La Rincette Sàrl ;Liter;MOOF;Moonshine Keg 20l;10,;F;200,00
Period: 01.01.25..31.12.25;La Nebuleuse SA;3053;La Rincette Sàrl ;Liter;ZEPF;ZEPP' Keg 20l;60,;F;1 200,00
Period: 01.01.25..31.12.25;La Nebuleuse SA;3053;La Rincette Sàrl ;Liter;CAUF;Caution - Fût Inox 20L;80,;F;1 600,00
Period: 01.01.25..31.12.25;La Nebuleuse SA;3075;Jetée de la compagnie;Liter;ZEPV;ZEPP Cuve;12 000,;L;12 000,00
Period: 01.01.25..31.12.25;La Nebuleuse SA;3075;Jetée de la compagnie;Liter;EMBV;Embuscade Cuve;4 500,;L;4 500,00
Period: 01.01.25..31.12.25;La Nebuleuse SA;3075;Jetée de la compagnie;Liter;MOOV;Moonshine Cuve;5 160,;L;5 160,00
Period: 01.01.25..31.12.25;La Nebuleuse SA;3075;Jetée de la compagnie;Liter;STI4;Stirling Box 6x4 Btls 33cl;12,;6X4B;95,04
Period: 01.01.25..31.12.25;La Nebuleuse SA;3075;Jetée de la compagnie;Liter;ZEPF;ZEPP' Keg 20l;0,;F;0,00
Period: 01.01.25..31.12.25;La Nebuleuse SA;3075;Jetée de la compagnie;Liter;CAUF;Caution - Fût Inox 20L;-3,;F;-60,00
Period: 01.01.25..31.12.25;La Nebuleuse SA;3075;Jetée de la compagnie;Liter;EMBF;Embuscade Keg 20l;13,;F;260,00
Period: 01.01.25..31.12.25;La Nebuleuse SA;3128;The Lacustre;Liter;STI4;Stirling Box 6x4 Btls 33cl;18,;6X4B;142,56
Period: 01.01.25..31.12.25;La Nebuleuse SA;3128;The Lacustre;Liter;DIV4;Diversion IPA Box 6x4 Btls 33cl;83,;6X4B;657,36
Period: 01.01.25..31.12.25;La Nebuleuse SA;3128;The Lacustre;Liter;EMBF;Embuscade Keg 20l;251,;F;5 020,00
Period: 01.01.25..31.12.25;La Nebuleuse SA;3128;The Lacustre;Liter;CAUF;Caution - Fût Inox 20L;35,;F;700,00
Period: 01.01.25..31.12.25;La Nebuleuse SA;3128;The Lacustre;Liter;DIVB;Diversion IPA Box 24 Btls 33cl;12,;24B;95,04
Period: 01.01.25..31.12.25;La Nebuleuse SA;3128;The Lacustre;Liter;DIGB;Diversion Gose 24 bouteilles 33cl;1,;24B;7,92
Period: 01.01.25..31.12.25;La Nebuleuse SA;3128;The Lacustre;Liter;DIBB;Diversion Blanche 24 bouteilles 33cl;1,;24B;7,92
Period: 01.01.25..31.12.25;La Nebuleuse SA;3128;The Lacustre;Liter;MOOF;Moonshine Keg 20l;4,;F;80,00
Period: 01.01.25..31.12.25;La Nebuleuse SA;3128;The Lacustre;Liter;ALTF;Alternative Keg 20l;7,;F;140,00
Period: 01.01.25..31.12.25;La Nebuleuse SA;3399;Doki Doki -  Mukmuk Sàrl;Liter;ZEPF;ZEPP' Keg 20l;144,;F;2 880,00
Period: 01.01.25..31.12.25;La Nebuleuse SA;3399;Doki Doki -  Mukmuk Sàrl;Liter;SPYF;Speakeasy Keg 20l;80,;F;1 600,00
Period: 01.01.25..31.12.25;La Nebuleuse SA;3399;Doki Doki -  Mukmuk Sàrl;Liter;DIV4;Diversion IPA Box 6x4 Btls 33cl;34,;6X4B;269,28
Period: 01.01.25..31.12.25;La Nebuleuse SA;3399;Doki Doki -  Mukmuk Sàrl;Liter;CAUF;Caution - Fût Inox 20L;23,;F;460,00
Period: 01.01.25..31.12.25;La Nebuleuse SA;3399;Doki Doki -  Mukmuk Sàrl;Liter;DIVB;Diversion IPA Box 24 Btls 33cl;4,;24B;31,68
Period: 01.01.25..31.12.25;La Nebuleuse SA;3660;MKK SARL (Simplon);Liter;MOOF;Moonshine Keg 20l;61,;F;1 220,00
Period: 01.01.25..31.12.25;La Nebuleuse SA;3660;MKK SARL (Simplon);Liter;STIF;Stirling Keg 20l;19,;F;380,00
Period: 01.01.25..31.12.25;La Nebuleuse SA;3660;MKK SARL (Simplon);Liter;SPYF;Speakeasy Keg 20l;21,;F;420,00
Period: 01.01.25..31.12.25;La Nebuleuse SA;3660;MKK SARL (Simplon);Liter;DIVF;Diversion IPA Fût;22,;F;440,00
Period: 01.01.25..31.12.25;La Nebuleuse SA;3660;MKK SARL (Simplon);Liter;CAUF;Caution - Fût Inox 20L;46,;F;920,00
