Timestamp;Client;Recettes Nébuleuse ;Batch;DLC;Recettes Contract;Batch;Quel Type de Conditionnement avons-nous utilisé ? ;Production Totale
1.6.2025 16:02:08;Nébuleuse;ZEPC;159;31.01.2026;;;Can;10513
1.6.2025 8:46:01;Nébuleuse;ZEPV;159;06.01.2026;;;Cuv;1000
1.8.2025 15:41:05;Nébuleuse;DIV4;26;31.01.2026;;;Bot;5592
1.8.2025 15:43:50;Nébuleuse;DIVB;26;31.01.2026;;;Bot;6648
1.9.2025 14:15:08;Nébuleuse;EMB4;202;31.01.2026;;;Bot;552
1.9.2025 17:14:09;Nébuleuse;ZEPF;160;31.01.2026;;;Keg;270
1.10.2025 14:51:48;Nébuleuse;EMB4;202;31.01.2026;;;Bot;7456
1.10.2025 16:15:59;Nébuleuse;ZEPF;160;31.01.2026;;;Keg;270
1.13.2025 15:12:46;Nébuleuse;EMBF;202;31.01.2026;;;Keg;105
1.14.2025 15:32:57;Nébuleuse;MOO4;91;31.01.2026;;;Bot;14301
1.15.2025 14:07:08;Nébuleuse;MOOF;91;31.01.2026;;;Keg;92
1.15.2025 15:19:55;Nébuleuse;DOA4;52;31.01.2026;;;Bot;4815
1.16.2025 11:27:52;Nébuleuse;ZEPV;161;31.01.2026;;;Cuv;1000
1.16.2025 16:34:42;Nébuleuse;ZEPF;161;31.01.2026;;;Keg;210
1.17.2025 14:37:23;Nébuleuse;ZEP4;161;31.01.2026;;;Bot;7797
1.21.2025 13:37:25;Nébuleuse;EMB4;202;21.01.2026;;;Bot;6216
1.21.2025 17:20:21;Nébuleuse;ZEPF;161;31.01.2026;;;Keg;270
1.22.2025 15:41:01;Nébuleuse;DIV4;26;28.02.2026;;;Bot;13213
1.23.2025 17:06:42;Nébuleuse;MOOF;92;01.01.2026;;;Keg;240
1.24.2025 16:15:46;Nébuleuse;SPYF;49;24.01.2026;;;Keg;270
1.27.2025 15:22:19;Nébuleuse;EST4;8;28.02.2026;;;Bot;9960
1.28.2025 13:36:04;Nébuleuse;SPY4;49;28.02.2026;;;Bot;8902
1.29.2025 17:20:20;Nébuleuse;EMBF;203;28.02.2026;;;Keg;286
1.30.2025 12:36:01;Nébuleuse;ZEPV;162;28.02.2026;;;Cuv;1000
1.30.2025 14:38:57;Nébuleuse;STI4;156;28.02.2026;;;Bot;12665
1.30.2025 17:04:00;Nébuleuse;ZEPF;162;28.02.2026;;;Keg;268
2.3.2025 13:17:29;Nébuleuse;ZEPV;162;03.02.2026;;;Cuv;1000
2.3.2025 17:07:52;Nébuleuse;MOOF;92;28.02.2026;;;Keg;166
2.4.2025 16:00:51;Nébuleuse;EMBF;203;28.02.2026;;;Keg;189
2.5.2025 14:01:06;Nébuleuse;STIF;157;27.02.2026;;;Keg;180
2.5.2025 16:01:36;Nébuleuse;MOO4;93;28.02.2026;;;Bot;2957
2.5.2025 16:03:43;Nébuleuse;MOOB;93;28.02.2026;;;Bot;5184
2.6.2025 14:20:05;Nébuleuse;ZEPB;162;28.02.2026;;;Bot;4392
2.6.2025 14:25:26;Nébuleuse;ZEP4;162;28.02.2026;;;Bot;3774
2.7.2025 15:43:02;Nébuleuse;ZEPF;162;27.02.2026;;;Keg;219
2.10.2025 16:09:10;Nébuleuse;DIVB;27;10.02.2026;;;Bot;5832
2.10.2025 16:14:23;Nébuleuse;DIV4;27;10.02.2026;;;Bot;6332
2.11.2025 16:02:35;Nébuleuse;EMB4;204;11.02.2026;;;Bot;6989
2.11.2025 16:05:46;Nébuleuse;EMBB;204;11.02.2026;;;Bot;5208
2.12.2025 16:19:08;Nébuleuse;EMB4C;204;28.02.2026;;;Can;8366
2.13.2025 16:22:41;Nébuleuse;STI4C;157;28.02.2026;;;Can;4152
2.13.2025 17:32:36;Nébuleuse;ZEPF;163;28.02.2026;;;Keg;270
2.17.2025 16:22:11;Nébuleuse;STI4;157;28.02.2026;;;Bot;1468
2.17.2025 16:23:09;Nébuleuse;STIF;157;28.02.2026;;;Keg;86
2.18.2025 12:00:20;Nébuleuse;DIV4;27;28.02.2026;;;Bot;3870
2.18.2025 12:28:50;Nébuleuse;ZEPV;163;18.02.2026;;;Cuv;1000
2.18.2025 15:19:38;Nébuleuse;EMBF;204;28.02.2026;;;Keg;123
2.19.2025 15:52:47;Nébuleuse;MOO4;93;19.02.2026;;;Bot;14916
2.19.2025 16:22:09;Nébuleuse;ZEPF;163;28.02.2026;;;Keg;255
2.20.2025 15:22:40;Nébuleuse;EMB4;205;28.02.2026;;;Bot;12267
2.20.2025 16:36:43;Nébuleuse;EMBF;205;31.03.2025;;;Keg;241
2.21.2025 14:18:17;Nébuleuse;EPH1B;25;31.03.2026;;;Bot;3645
2.24.2025 16:52:53;Nébuleuse;EMBF;205;24.02.2026;;;Keg;110
2.24.2025 17:07:43;Nébuleuse;DIBB;2;31.03.2026;;;Bot;6216
2.24.2025 17:13:52;Nébuleuse;EPH1F;25;31.03.2026;;;Keg;168
2.25.2025 13:38:42;Nébuleuse;ZEPV;164;25.03.2026;;;Cuv;1000
2.25.2025 15:07:01;Nébuleuse;SPY4;50;31.03.2026;;;Bot;6356
2.26.2025 16:27:35;Nébuleuse;DIV4;27;31.03.2026;;;Bot;6504
2.26.2025 16:29:06;Nébuleuse;DIVB;27;31.03.2026;;;Bot;4008
2.27.2025 14:51:32;Nébuleuse;MOOF;94;31.03.2026;;;Keg;168
3.5.2025 13:28:16;Nébuleuse;DIPB;1;31.03.2026;;;Bot;5760
3.6.2025 16:49:03;Nébuleuse;DIGB;1;31.03.2026;;;Bot;5320
3.10.2025 12:17:34;Nébuleuse;ZEPV;164;10.03.2026;;;Cuv;1000
3.10.2025 12:35:46;Nébuleuse;ZEPB;164;31.03.2026;;;Bot;4338
3.11.2025 7:34:00;Nébuleuse;ZEPC;164;31.03.2026;;;Can;7130
3.12.2025 12:50:08;Nébuleuse;STI4;158;31.03.2026;;;Bot;3634
3.13.2025 17:28:56;Nébuleuse;ZEPF;165;31.03.2026;;;Keg;248
3.18.2025 12:20:51;Nébuleuse;DOA4;53;31.03.2026;;;Bot;7452
3.18.2025 14:41:46;Nébuleuse;ZEPV;165;18.03.2026;;;Cuv;1000
3.18.2025 14:47:56;Nébuleuse;ZEPV;165;18.03.2026;;;Cuv;1000
3.18.2025 16:04:43;Nébuleuse;ZEP4;165;31.03.2026;;;Bot;4765
3.19.2025 15:54:33;Nébuleuse;DIVB;28;31.03.2026;;;Bot;5184
3.19.2025 15:56:55;Nébuleuse;DIV4;28;31.03.2026;;;Bot;11112
3.20.2025 11:25:14;Nébuleuse;DIV4;28;01.04.2026;;;Bot;4034
3.20.2025 16:43:39;Contract;;;;Chien Bleu - Bamse;25;Keg;60
3.21.2025 14:46:06;Contract;;;;Chien Bleu - Bamse;25;Bot;2923
3.21.2025 18:08:58;Nébuleuse;ZEPF;166;30.04.2026;;;Keg;302
3.22.2025 18:31:41;Nébuleuse;EMBF;206;01.04.2026;;;Keg;300
3.23.2025 15:40:20;Nébuleuse;MOOF;94;30.04.2026;;;Keg;150
3.24.2025 17:10:49;Nébuleuse;MOO4C;94;30.04.2026;;;Can;4205
3.24.2025 17:12:31;Nébuleuse;SPY4C;50;30.04.2026;;;Can;4248
3.25.2025 14:27:40;Nébuleuse;STI4;158;30.04.2026;;;Bot;11376
3.26.2025 15:17:16;Nébuleuse;EMBB;206;30.04.2026;;;Bot;5184
3.26.2025 15:19:19;Nébuleuse;EMB4;206;30.04.2026;;;Bot;9132
3.27.2025 12:53:03;Nébuleuse;ZEPV;166;27.03.2026;;;Cuv;1000
3.27.2025 16:56:47;Nébuleuse;MOOF;95;30.04.2026;;;Keg;270
3.28.2025 14:57:45;Nébuleuse;ESTF;9;30.04.2026;;;Keg;135
3.31.2025 14:20:46;Nébuleuse;ZEPV;166;01.04.2026;;;Cuv;1000
4.1.2025 17:22:44;Nébuleuse;EMBF;207;30.04.2026;;;Keg;300
4.1.2025 17:27:19;Nébuleuse;MOO4;96;30.04.2026;;;Bot;9221
4.1.2025 17:29:37;Nébuleuse;MOOB;96;30.04.2026;;;Bot;7128
4.1.2025 17:47:26;Nébuleuse;EMBV;207;30.04.2026;;;Cuv;500
4.1.2025 17:48:19;Nébuleuse;MOOV;96;30.04.2026;;;Cuv;500
4.1.2025 17:49:59;Nébuleuse;ZEPV;166;30.04.2026;;;Cuv;1000
4.2.2025 16:12:36;Nébuleuse;ZEPF;166;30.04.2026;;;Keg;270
4.2.2025 16:15:21;Nébuleuse;ZEPB;166;30.04.2026;;;Bot;6984
4.2.2025 16:26:15;Nébuleuse;ZEP4;166;30.04.2026;;;Bot;5208
4.3.2025 15:41:34;Nébuleuse;ZEPF;166;30.04.2026;;;Keg;215
4.3.2025 15:50:17;Nébuleuse;SPY4;50;30.04.2026;;;Bot;7204
4.4.2025 16:55:47;Nébuleuse;DIV4;28;30.04.2025;;;Bot;3576
4.4.2025 16:58:59;Nébuleuse;DIVB;28;30.04.2026;;;Bot;2160
4.8.2025 16:45:35;Nébuleuse;ZEPV;167;30.04.2026;;;Cuv;1000
4.8.2025 16:46:28;Nébuleuse;ZEPV;167;30.04.2026;;;Cuv;1000
4.8.2025 16:47:26;Nébuleuse;EMBV;207;30.04.2026;;;Cuv;500
4.8.2025 16:48:34;Nébuleuse;MOOV;96;30.04.2026;;;Cuv;500
4.8.2025 17:23:47;Nébuleuse;EMB4;207;30.04.2026;;;Bot;8610
4.8.2025 17:25:46;Nébuleuse;EMBB;207;30.04.2026;;;Bot;2592
4.9.2025 15:19:48;Nébuleuse;ZEPF;167;30.04.2026;;;Keg;38
4.9.2025 17:02:37;Nébuleuse;DOA4;54;30.04.2026;;;Bot;7176
4.10.2025 12:27:07;Nébuleuse;STI4;158;30.04.2026;;;Bot;8544
4.10.2025 17:29:48;Nébuleuse;ZEPF;167;30.04.2026;;;Keg;61
4.11.2025 19:00:33;Nébuleuse;MOOF;96;30.04.2026;;;Keg;283
4.12.2025 19:08:10;Nébuleuse;ZEPF;167;18.04.2026;;;Keg;278
4.14.2025 10:43:32;Nébuleuse;ZEPV;167;14.04.2026;;;Cuv;1000
4.15.2025 17:04:06;Nébuleuse;EMBF;208;30.04.2026;;;Keg;270
4.15.2025 17:30:20;Nébuleuse;DIV4;29;30.04.2026;;;Bot;7820
4.15.2025 17:32:09;Nébuleuse;DIVB;29;30.04.2026;;;Bot;7200
4.16.2025 13:37:26;Nébuleuse;SPY4;50;30.04.2026;;;Bot;6376
4.16.2025 16:52:37;Nébuleuse;MOOF;97;30.04.2026;;;Keg;270
4.17.2025 15:13:48;Nébuleuse;DIV4;29;30.04.2026;;;Bot;5837
4.17.2025 17:34:50;Nébuleuse;ZEPF;168;30.04.2026;;;Keg;275
4.22.2025 16:57:20;Nébuleuse;SPYF;51;31.05.2026;;;Keg;180
4.22.2025 17:00:07;Nébuleuse;STI4;159;31.05.2026;;;Bot;10141
4.23.2025 16:28:47;Nébuleuse;EMB4;208;31.05.2026;;;Bot;9480
4.23.2025 16:31:05;Nébuleuse;EMBB;208;31.05.2026;;;Bot;2592
4.23.2025 16:39:13;Nébuleuse;ZEPF;169;31.05.2026;;;Keg;240
4.24.2025 16:57:54;Nébuleuse;ZEPF;169;31.05.2026;;;Keg;240
4.25.2025 7:49:14;Nébuleuse;ZEPC;169;31.05.2025;;;Can;10707
4.25.2025 17:00:02;Nébuleuse;ZEPF;169;31.05.2026;;;Keg;210
4.25.2025 17:05:06;Nébuleuse;MOO4C;98;31.05.2026;;;Can;4252
4.29.2025 16:11:05;Nébuleuse;MOOV;98;29.04.2026;;;Cuv;500
4.29.2025 16:12:43;Nébuleuse;EMBV;209;29.04.2026;;;Cuv;500
4.29.2025 16:22:50;Nébuleuse;STI4C;159;31.05.2025;;;Can;4260
4.29.2025 16:24:51;Nébuleuse;EMB4C;209;31.05.2026;;;Can;4278
4.29.2025 17:53:24;Nébuleuse;MOOF;98;31.05.2026;;;Keg;271
4.30.2025 15:25:29;Nébuleuse;ZEPV;170;30.04.2026;;;Cuv;1000
4.30.2025 15:27:07;Nébuleuse;ZEPV;170;30.04.2026;;;Cuv;1000
4.30.2025 17:14:25;Nébuleuse;EMBF;209;30.05.2026;;;Keg;240
5.1.2025 12:25:10;Nébuleuse;ZEPV;170;01.05.2026;;;Cuv;1000
5.1.2025 12:26:43;Nébuleuse;ZEPV;170;01.05.2026;;;Cuv;500
5.1.2025 16:40:16;Nébuleuse;DIV4;30;31.05.2025;;;Bot;9655
5.1.2025 16:42:19;Nébuleuse;DIVB;30;31.05.2026;;;Bot;2592
5.1.2025 17:01:24;Nébuleuse;ZEPF;170;31.05.2026;;;Keg;270
5.2.2025 17:30:13;Nébuleuse;ZEPF;170;31.05.2026;;;Keg;233
5.6.2025 16:28:38;Nébuleuse;SPY4;51;31.05.2026;;;Bot;11714
5.6.2025 16:50:37;Nébuleuse;EMBF;209;31.05.2026;;;Keg;229
5.7.2025 15:36:55;Nébuleuse;ZEPV;171;31.05.2025;;;Cuv;500
5.7.2025 16:00:26;Nébuleuse;MOO4;98;31.05.2026;;;Bot;5904
5.7.2025 16:01:42;Nébuleuse;MOOB;98;31.05.2026;;;Bot;2592
5.7.2025 16:20:17;Nébuleuse;ZEPF;171;31.05.2026;;;Keg;213
5.8.2025 11:27:55;Nébuleuse;ZEPV;171;08.05.2026;;;Cuv;1000
5.8.2025 16:36:39;Nébuleuse;ZEPF;171;31.05.2026;;;Keg;196
5.8.2025 17:35:38;Nébuleuse;EMB4;210;31.05.2026;;;Bot;12179
5.8.2025 17:38:02;Nébuleuse;EMBB;210;31.05.2026;;;Bot;1296
5.9.2025 16:13:43;Nébuleuse;ZEP4;171;31.05.2026;;;Bot;6048
5.9.2025 16:17:57;Nébuleuse;ZEPB;171;31.05.2026;;;Bot;3888
5.12.2025 11:22:51;Nébuleuse;ZEPV;171;12.05.2026;;;Cuv;550
5.12.2025 16:43:49;Nébuleuse;EST4;10;31.05.2026;;;Bot;8173
5.13.2025 11:01:20;Nébuleuse;MOOV;99;13.05.2026;;;Cuv;500
5.13.2025 14:50:40;Nébuleuse;MOO4;99;31.05.2026;;;Bot;5748
5.13.2025 14:52:26;Nébuleuse;MOOB;99;31.05.2026;;;Bot;216
5.13.2025 15:02:46;Nébuleuse;EMBV;210;13.05.2026;;;Cuv;500
5.13.2025 17:01:27;Nébuleuse;MOOF;99;31.05.2026;;;Keg;270
5.14.2025 15:04:47;Nébuleuse;DIV4;31;31.05.2026;;;Bot;6424
5.14.2025 15:07:06;Nébuleuse;DIVB;31;31.05.2026;;;Bot;3888
5.14.2025 17:26:12;Nébuleuse;ZEPF;172;31.05.2026;;;Keg;240
5.15.2025 16:07:26;Nébuleuse;ZEPV;172;15.05.2026;;;Cuv;450
5.15.2025 16:08:38;Nébuleuse;ZEPV;172;15.05.2026;;;Cuv;1000
5.15.2025 16:09:56;Nébuleuse;ZEPV;172;15.05.2026;;;Cuv;910
5.15.2025 17:13:41;Nébuleuse;EMBF;210;31.05.2026;;;Keg;240
5.16.2025 15:10:02;Nébuleuse;DOAF;55;16.05.2026;;;Keg;60
5.19.2025 23:22:58;Nébuleuse;MOOF;100;31.05.2026;;;Keg;393
5.20.2025 16:30:17;Nébuleuse;STI4;159;30.06.2026;;;Bot;9513
5.20.2025 16:53:24;Nébuleuse;ZEPV;172;31.05.2025;;;Cuv;500
5.27.2025 10:54:18;Nébuleuse;ZEPV;172;31.05.2025;;;Cuv;500
5.20.2025 17:36:12;Nébuleuse;ZEPF;172;31.05.2026;;;Keg;240
5.21.2025 17:16:49;Nébuleuse;EMBF;211;30.06.2026;;;Keg;226
5.22.2025 17:13:41;Nébuleuse;MOOF;101;30.06.2026;;;Keg;225
5.26.2025 11:56:06;Nébuleuse;DOA4;55;30.06.2026;;;Bot;3300
5.26.2025 12:25:25;Nébuleuse;ZEPV;173;26.05.2026;;;Cuv;1000
5.26.2025 17:11:06;Nébuleuse;SPYF;52;30.06.2026;;;Keg;252
5.27.2025 15:34:02;Nébuleuse;EMB4;211;30.06.2026;;;Bot;14314
5.27.2025 15:35:50;Nébuleuse;EMBB;211;30.06.2026;;;Bot;3240
5.27.2025 16:42:27;Nébuleuse;MOOF;101;30.06.2026;;;Keg;180
5.28.2025 14:27:12;Nébuleuse;ZEPF;173;30.06.2026;;;Keg;217
5.28.2025 15:04:26;Nébuleuse;SPY4;52;30.06.2026;;;Bot;11112
5.30.2025 9:23:34;Nébuleuse;MOOV;101;30.05.2026;;;Cuv;500
5.30.2025 10:38:58;Nébuleuse;EPH2B;25;30.06.2026;;;Bot;2976
5.30.2025 11:33:51;Nébuleuse;EMBV;211;30.05.2026;;;Cuv;500
5.30.2025 12:28:44;Nébuleuse;EPH2F;25;30.06.2026;;;Keg;66
6.2.2025 14:38:50;Nébuleuse;ZEPV;173;02.06.2026;;;Cuv;1000
6.3.2025 15:30:52;Nébuleuse;DIV4;31;30.06.2026;;;Bot;10101
6.3.2025 15:32:32;Nébuleuse;DIVB;31;30.06.2026;;;Bot;4320
6.3.2025 16:17:07;Nébuleuse;ZEPF;173;30.06.2026;;;Keg;210
6.4.2025 17:06:33;Nébuleuse;MOO4;102;30.06.2026;;;Bot;10764
6.4.2025 17:08:23;Nébuleuse;MOOB;102;30.06.2026;;;Bot;5616
6.5.2025 15:12:01;Nébuleuse;DOA4;56;30.06.2026;;;Bot;7507
6.5.2025 17:06:35;Nébuleuse;STIF;160;05.06.2026;;;Keg;210
6.6.2025 17:25:07;Nébuleuse;EMBF;212;30.06.2026;;;Keg;240
6.10.2025 14:07:55;Nébuleuse;STI4;160;30.06.2026;;;Bot;12625
6.10.2025 16:13:22;Nébuleuse;ZEPF;174;30.06.2026;;;Keg;270
6.11.2025 13:24:10;Nébuleuse;ZEPV;174;11.06.2026;;;Cuv;1000
6.11.2025 16:04:56;Nébuleuse;MOOF;103;30.06.2026;;;Keg;248
6.12.2025 15:25:48;Nébuleuse;ZEPC;175;30.06.2026;;;Can;13349
6.13.2025 14:25:05;Contract;;;;Chien Bleu - Jasper;27;Keg;99
6.16.2025 14:56:18;Nébuleuse;ZEPB;175;30.06.2026;;;Bot;6960
6.16.2025 14:58:00;Nébuleuse;ZEP4;175;30.06.2026;;;Bot;3577
6.16.2025 17:07:18;Nébuleuse;MOOF;103;30.06.2026;;;Keg;228
6.17.2025 15:28:28;Nébuleuse;ZEPV;175;17.06.2026;;;Cuv;1000
6.17.2025 15:29:34;Nébuleuse;ZEPV;175;17.06.2026;;;Cuv;1000
6.17.2025 15:30:51;Nébuleuse;ZEPV;175;17.06.2026;;;Cuv;500
6.17.2025 16:46:50;Nébuleuse;EMB4;212;30.06.2026;;;Bot;15817
6.17.2025 16:48:07;Nébuleuse;EMBB;212;30.06.2026;;;Bot;2592
6.17.2025 17:35:24;Nébuleuse;ZEPF;175;30.06.2026;;;Keg;300
6.18.2025 11:39:55;Nébuleuse;MOOV;104;18.06.2026;;;Cuv;500
6.18.2025 11:42:49;Nébuleuse;EMBV;212;18.06.2026;;;Cuv;500
6.18.2025 13:09:46;Nébuleuse;DIVB;32;30.06.2026;;;Bot;7470
6.18.2025 13:11:39;Nébuleuse;DIV4;32;30.06.2026;;;Bot;2760
6.18.2025 17:14:38;Nébuleuse;MOOF;104;30.06.2026;;;Keg;300
6.19.2025 15:16:37;Nébuleuse;ZEPV;176;19.06.2025;;;Cuv;500
6.19.2025 16:57:09;Nébuleuse;ZEPF;176;30.06.2026;;;Keg;240
6.19.2025 17:00:09;Nébuleuse;MOO4C;104;30.06.2026;;;Can;8392
6.20.2025 16:38:32;Nébuleuse;ZEPF;176;30.06.2026;;;Keg;240
6.20.2025 19:31:25;Nébuleuse;EMB4C;213;30.06.2026;;;Can;384
6.23.2025 17:30:14;Nébuleuse;EMBF;213;31.07.2026;;;Keg;240
6.23.2025 17:32:50;Nébuleuse;EMB4C;213;31.07.2026;;;Can;12082
6.24.2025 12:12:25;Nébuleuse;SPY4C;53;31.07.2026;;;Can;4242
6.24.2025 15:17:15;Nébuleuse;ZEPV;176;24.06.2026;;;Cuv;500
7.1.2025 15:18:13;Nébuleuse;ZEPV;176;24.06.2026;;;Cuv;500
6.24.2025 15:27:35;Nébuleuse;SPYF;53;31.07.2026;;;Keg;150
6.25.2025 15:53:35;Nébuleuse;MOOV;105;25.06.2026;;;Cuv;500
6.25.2025 15:56:09;Nébuleuse;EMBV;213;25.06.2026;;;Cuv;500
6.25.2025 16:00:36;Nébuleuse;STI4C;161;31.07.2026;;;Can;4290
6.25.2025 17:01:56;Nébuleuse;MOOF;105;31.07.2026;;;Keg;210
6.26.2025 16:18:30;Nébuleuse;ZEPV;177;26.06.2026;;;Cuv;1000
6.26.2025 16:19:33;Nébuleuse;ZEPV;177;26.06.2025;;;Cuv;500
6.26.2025 16:20:36;Nébuleuse;ZEPV;177;26.06.2026;;;Cuv;500
6.26.2025 16:25:06;Nébuleuse;SPY4;53;31.07.2026;;;Bot;4084
6.26.2025 17:25:51;Nébuleuse;ZEPF;177;31.07.2026;;;Keg;302
6.27.2025 17:25:59;Nébuleuse;ZEPF;177;31.07.2026;;;Keg;225
6.28.2025 15:47:00;Nébuleuse;ZEPF;177;31.07.2026;;;Keg;280
6.30.2025 11:07:15;Nébuleuse;DIVB;32;30.07.2026;;;Bot;4083
6.30.2025 17:55:03;Nébuleuse;EMBF;214;31.07.2026;;;Keg;270
7.1.2025 8:41:15;Nébuleuse;ZEPV;178;01.07.2026;;;Cuv;500
7.1.2025 8:42:32;Nébuleuse;ZEPV;178;01.07.2026;;;Cuv;500
7.1.2025 13:54:12;Nébuleuse;ZEPV;178;01.07.2026;;;Cuv;500
7.1.2025 13:55:36;Nébuleuse;ZEPV;178;01.07.2026;;;Cuv;500
7.1.2025 17:06:11;Nébuleuse;MOO4;106;31.07.2026;;;Bot;9108
7.1.2025 17:07:55;Nébuleuse;MOOB;106;31.07.2026;;;Bot;7248
7.1.2025 18:05:20;Nébuleuse;ZEPF;178;31.07.2026;;;Keg;330
7.2.2025 8:38:32;Nébuleuse;ZEPV;178;02.07.2026;;;Cuv;1000
7.2.2025 14:56:28;Nébuleuse;DIV4;32;31.07.2026;;;Bot;7896
7.2.2025 14:59:53;Nébuleuse;DIVB;32;31.07.2026;;;Bot;4440
7.2.2025 20:28:03;Nébuleuse;MOOF;106;31.07.2026;;;Keg;386
7.3.2025 11:41:53;Nébuleuse;ZEPV;179;03.07.2026;;;Cuv;500
7.3.2025 11:43:05;Nébuleuse;ZEPV;179;03.07.2026;;;Cuv;500
7.3.2025 11:45:00;Nébuleuse;ZEPV;179;03.07.2026;;;Cuv;500
7.3.2025 13:29:31;Nébuleuse;SPY4;53;31.07.2026;;;Bot;6251
7.3.2025 17:04:50;Nébuleuse;ZEPF;179;31.07.2026;;;Keg;300
7.4.2025 12:08:44;Nébuleuse;STI4;161;31.07.2026;;;Bot;4680
7.4.2025 14:26:57;Nébuleuse;ZEPV;179;04.07.2026;;;Cuv;500
7.4.2025 14:28:40;Nébuleuse;ZEPV;179;04.07.2026;;;Cuv;500
7.4.2025 14:30:24;Nébuleuse;ZEPV;179;04.07.2026;;;Cuv;500
7.4.2025 14:31:27;Nébuleuse;ZEPV;179;04.07.2026;;;Cuv;250
7.4.2025 16:04:10;Nébuleuse;ZEPF;179;31.07.2026;;;Keg;210
7.5.2025 10:41:29;Nébuleuse;ZEPV;179;05.07.2026;;;Cuv;380
7.7.2025 15:20:11;Nébuleuse;ALTF;2;31.07.2026;;;Keg;130
7.8.2025 16:55:11;Nébuleuse;ZEPV;180;08.07.2026;;;Cuv;1000
7.8.2025 16:58:48;Nébuleuse;ZEPV;180;08.07.2026;;;Cuv;500
7.8.2025 16:59:46;Nébuleuse;ZEPV;180;08.07.2026;;;Cuv;500
7.8.2025 17:00:48;Nébuleuse;ZEPV;180;08.07.2026;;;Cuv;500
7.8.2025 17:02:02;Nébuleuse;ZEPV;180;08.07.2026;;;Cuv;500
7.8.2025 17:03:47;Nébuleuse;ZEPV;180;08.07.2026;;;Cuv;500
7.8.2025 17:05:11;Nébuleuse;ZEPV;180;08.07.2026;;;Cuv;500
7.8.2025 17:30:14;Nébuleuse;ZEPF;180;31.07.2026;;;Keg;240
7.9.2025 14:25:45;Nébuleuse;DIV4;3335;31.07.2026;;;Bot;6961
7.9.2025 14:27:17;Nébuleuse;DIVB;3335;31.07.2026;;;Bot;6480
7.9.2025 17:21:58;Nébuleuse;EMBF;214;31.07.2026;;;Keg;297
7.10.2025 15:25:58;Nébuleuse;DIVB;3335;31.07.2026;;;Bot;10497
7.10.2025 16:29:53;Nébuleuse;ZEPF;180;31.07.2026;;;Keg;236
7.11.2025 16:20:56;Nébuleuse;STIF;161;31.07.2026;;;Keg;147
7.15.2025 11:54:12;Nébuleuse;MOOV;107;15.07.2026;;;Cuv;500
7.15.2025 17:11:11;Nébuleuse;SPYF;54;31.07.2026;;;Keg;267
7.15.2025 17:19:15;Nébuleuse;SPY4;54;31.07.2026;;;Bot;8688
7.16.2025 11:36:33;Nébuleuse;ZEPV;181;16.07.2026;;;Cuv;1000
7.16.2025 11:40:48;Nébuleuse;ZEPV;181;16.07.2026;;;Cuv;500
7.16.2025 11:41:51;Nébuleuse;ZEPV;181;16.07.2026;;;Cuv;500
7.16.2025 14:47:31;Nébuleuse;EST4;11;31.07.2026;;;Bot;8656
7.16.2025 17:00:44;Nébuleuse;ZEPF;181;31.07.2026;;;Keg;345
7.17.2025 14:16:31;Nébuleuse;STI4;162;31.07.2026;;;Bot;8856
7.18.2025 11:25:38;Nébuleuse;EMBV;215;18.07.2026;;;Cuv;500
7.22.2025 16:53:24;Nébuleuse;EMBF;215;31.08.2026;;;Keg;210
7.23.2025 10:20:25;Nébuleuse;ZEPV;181;23.07.2026;;;Cuv;1000
7.23.2025 13:52:55;Nébuleuse;DIV33C;33;31.07.2026;;;Can33;6050
7.24.2025 10:49:49;Nébuleuse;MOOV;107;24.07.2026;;;Cuv;400
7.24.2025 12:07:14;Nébuleuse;ZEPV;182;24.07.2026;;;Cuv;500
7.24.2025 17:14:13;Nébuleuse;ZEPF;182;31.08.2026;;;Keg;240
7.28.2025 14:07:13;Nébuleuse;DOA4;57;31.08.2026;;;Bot;4089
7.28.2025 16:03:31;Nébuleuse;DOAF;57;31.08.2026;;;Keg;52
7.29.2025 15:20:00;Nébuleuse;EMB4;215;31.08.2026;;;Bot;7608
7.29.2025 15:21:43;Nébuleuse;EMBB;215;31.08.2026;;;Bot;5832
7.29.2025 14:08:24;Nébuleuse;DIBB;3;31.08.2026;;;Bot;7623
8.5.2025 7:52:55;Nébuleuse;ZEPF;182;31.08.2026;;;Keg;180
8.5.2025 13:22:57;Nébuleuse;MOO4;107;31.08.2026;;;Bot;3744
8.5.2025 13:24:10;Nébuleuse;MOOB;107;31.08.2026;;;Bot;3432
8.6.2025 15:03:37;Nébuleuse;STI4;162;31.08.2026;;;Bot;8742
8.7.2025 14:06:31;Nébuleuse;ZEP4;183;31.08.2026;;;Bot;4063
8.7.2025 14:07:51;Nébuleuse;ZEPB;183;31.08.2026;;;Bot;4320
8.8.2025 11:10:30;Nébuleuse;ZEPV;183;08.08.2026;;;Cuv;1000
8.8.2025 17:11:10;Nébuleuse;ZEPF;183;31.08.2026;;;Keg;210
8.11.2025 16:58:01;Nébuleuse;MOOF;107;31.08.2026;;;Keg;257
8.12.2025 12:09:59;Nébuleuse;EMBV;216;12.08.2026;;;Cuv;500
8.12.2025 14:06:48;Nébuleuse;ZEPC;183;31.08.2026;;;Can;7382
8.12.2025 15:34:19;Nébuleuse;ZEPV;183;12.08.2026;;;Cuv;500
8.13.2025 16:37:52;Nébuleuse;DIV4;33;31.08.2026;;;Bot;16066
8.14.2025 10:49:40;Nébuleuse;ZEPV;183;14.08.2026;;;Cuv;1000
8.14.2025 17:14:52;Nébuleuse;STI4C;162;31.08.2026;;;Can;4134
8.15.2025 14:39:19;Nébuleuse;ZEPF;183;31.08.2026;;;Keg;160
8.18.2025 16:46:15;Nébuleuse;ZEPF;183;31.08.2026;;;Keg;210
8.19.2025 10:18:35;Nébuleuse;MOOV;108;19.08.2026;;;Cuv;760
8.19.2025 13:09:51;Nébuleuse;ALTB;3;30.06.2026;;;Bot;3343
8.20.2025 16:40:24;Nébuleuse;EMBF;216;31.08.2026;;;Keg;330
8.21.2025 12:19:38;Nébuleuse;ZEPV;184;21.08.2026;;;Cuv;1000
8.21.2025 12:20:40;Nébuleuse;ZEPV;184;21.08.2026;;;Cuv;1000
8.21.2025 16:51:40;Nébuleuse;MOOF;108;31.08.2026;;;Keg;300
8.22.2025 17:01:37;Nébuleuse;ZEPF;184;30.09.2026;;;Keg;240
8.25.2025 17:29:41;Nébuleuse;ZEPF;184;30.09.2026;;;Keg;300
8.26.2025 16:05:11;Nébuleuse;DOA4;58;30.09.2026;;;Bot;12816
8.26.2025 16:54:39;Nébuleuse;DIVF;34;31.03.2026;;;Keg;12
8.27.2025 15:59:50;Nébuleuse;ZEPF;185;30.09.2026;;;Keg;300
8.27.2025 16:16:00;Nébuleuse;MOO4;108;30.09.2026;;;Bot;8352
8.27.2025 16:17:22;Nébuleuse;MOOB;108;30.09.2026;;;Bot;3888
8.28.2025 11:50:10;Nébuleuse;ZEPV;185;28.08.2026;;;Cuv;1000
8.28.2025 14:40:12;Nébuleuse;DIV33C;34;31.08.2026;;;Can33;8108
8.28.2025 15:39:26;Nébuleuse;EMBF;216;30.09.2026;;;Keg;264
8.29.2025 13:55:41;Nébuleuse;DIV4;34;30.09.2026;;;Bot;8044
8.29.2025 13:57:38;Nébuleuse;DIVB;34;30.09.2026;;;Bot;1944
9.1.2025 13:00:53;Nébuleuse;ZEPV;185;01.09.2026;;;Cuv;1000
9.1.2025 13:44:10;Nébuleuse;STI4;163;30.09.2026;;;Bot;7700
9.2.2025 15:17:44;Nébuleuse;SPY4;55;30.09.2026;;;Bot;10792
9.3.2025 16:47:54;Nébuleuse;EMBB;217;30.09.2026;;;Bot;3888
9.3.2025 17:10:51;Nébuleuse;EMB4;217;30.09.2026;;;Bot;10284
9.4.2025 12:53:25;Nébuleuse;ZEPV;186;04.09.2026;;;Cuv;1000
9.4.2025 16:54:13;Nébuleuse;MOOF;109;30.09.2026;;;Keg;300
9.5.2025 16:59:44;Nébuleuse;EMBF;217;30.09.2026;;;Keg;270
9.8.2025 13:54:28;Nébuleuse;ALTB;3;30.09.2026;;;Bot;3730
9.9.2025 14:01:53;Nébuleuse;ZEPC;186;30.09.2026;;;Can;8535
9.10.2025 13:40:35;Nébuleuse;SPY4C;55;30.09.2026;;;Can;4293
9.11.2025 13:43:57;Nébuleuse;ZEPV;186;11.09.2026;;;Cuv;1000
9.11.2025 17:17:11;Nébuleuse;ZEPB;186;30.09.2026;;;Bot;4639
9.11.2025 17:48:34;Nébuleuse;EMBF;218;30.09.2026;;;Keg;300
9.12.2025 16:12:43;Nébuleuse;ZEPF;186;30.09.2026;;;Keg;211
9.15.2025 16:46:32;Nébuleuse;ZEPF;186;30.09.2026;;;Keg;150
9.16.2025 11:37:53;Nébuleuse;ZEPV;186;16.09.2026;;;Cuv;1000
9.16.2025 14:27:21;Nébuleuse;SPYF;55;30.09.2026;;;Keg;129
9.17.2025 15:32:00;Nébuleuse;MOO4;109;30.09.2026;;;Bot;8364
9.17.2025 15:37:24;Nébuleuse;MOOB;109;30.09.2026;;;Bot;2592
9.18.2025 14:16:40;Nébuleuse;DIV4;34;30.09.2026;;;Bot;408
9.18.2025 14:20:37;Nébuleuse;DIVB;34;30.09.2026;;;Bot;864
9.19.2025 18:25:17;Nébuleuse;ZEPF;187;30.09.2026;;;Keg;311
9.19.2025 18:46:31;Nébuleuse;DIV4;34;30.09.2026;;;Bot;1296
9.19.2025 18:47:45;Nébuleuse;DIVB;34;30.09.2026;;;Bot;3672
9.23.2025 11:15:55;Nébuleuse;ZEPV;187;23.10.2026;;;Cuv;500
9.23.2025 16:41:31;Nébuleuse;ZEPF;187;31.10.2026;;;Keg;273
9.24.2025 17:09:08;Nébuleuse;MOOF;110;31.10.2026;;;Keg;210
9.25.2025 14:43:16;Nébuleuse;ZEPV;187;25.09.2026;;;Cuv;1000
9.25.2025 14:44:15;Nébuleuse;ZEPV;187;25.09.2026;;;Cuv;950
9.25.2025 15:31:31;Nébuleuse;ZEPB;187;30.09.2026;;;Bot;6768
9.25.2025 15:35:02;Nébuleuse;ZEP4;187;30.09.2026;;;Bot;2808
9.26.2025 14:37:34;Nébuleuse;DIVB;3536;30.09.2026;;;Bot;7159
9.26.2025 14:39:14;Nébuleuse;DIV4;3536;30.09.2026;;;Bot;2592
9.26.2025 14:44:26;Nébuleuse;DIVF;3536;30.06.2026;;;Keg;60
9.29.2025 14:39:30;Nébuleuse;EMB4;218;31.10.2026;;;Bot;6840
9.29.2025 14:41:01;Nébuleuse;EMBB;218;31.10.2026;;;Bot;3240
9.30.2025 12:50:20;Nébuleuse;STI4;163;31.10.2026;;;Bot;6056
10.2.2025 10:23:27;Nébuleuse;MOO4C;110;31.10.2026;;;Can;8411
10.2.2025 10:33:39;Nébuleuse;ZEPV;189;02.10.2026;;;Cuv;1000
10.2.2025 13:29:37;Nébuleuse;STI4C;163;31.10.2026;;;Can;4276
10.3.2025 15:53:32;Nébuleuse;ZEPF;189;31.10.2026;;;Keg;240
10.6.2025 15:04:31;Nébuleuse;EMBF;218;31.10.2026;;;Keg;106
10.7.2025 15:38:10;Nébuleuse;MOOB;110;31.10.2026;;;Bot;5184
10.7.2025 15:40:35;Nébuleuse;MOO4;110;31.10.2026;;;Bot;1992
10.8.2025 16:18:39;Nébuleuse;ZEPB;188;31.10.2026;;;Bot;5014
10.8.2025 16:28:46;Nébuleuse;ZEP4;188;31.10.2026;;;Bot;2732
10.9.2025 10:51:21;Nébuleuse;ZEPV;189;09.10.2026;;;Cuv;1000
10.9.2025 14:34:22;Nébuleuse;EST4;12;31.10.2026;;;Bot;6379
10.9.2025 17:15:07;Nébuleuse;ESTF;12;31.10.2026;;;Keg;34
10.10.2025 16:47:43;Nébuleuse;ZEPF;188;31.10.2026;;;Keg;218
10.14.2025 16:50:58;Nébuleuse;DIV4;36;31.10.2026;;;Bot;4732
10.14.2025 16:53:17;Nébuleuse;DIVB;36;31.10.2026;;;Bot;4536
10.15.2025 10:05:35;Nébuleuse;ZEPV;188;31.10.2026;;;Cuv;1000
10.15.2025 15:17:32;Nébuleuse;EMBF;219;31.10.2026;;;Keg;180
10.16.2025 14:56:56;Nébuleuse;DIBB;4;31.10.2026;;;Bot;4056
10.21.2025 13:14:30;Nébuleuse;SPY4;57;30.11.2026;;;Bot;3216
10.22.2025 18:03:16;Nébuleuse;ZEPF;190;30.11.2026;;;Keg;303
10.23.2025 11:43:35;Nébuleuse;STIF;163;30.11.2026;;;Keg;43
10.23.2025 13:37:23;Nébuleuse;ZEPV;190;23.10.2026;;;Cuv;1000
10.23.2025 16:06:19;Nébuleuse;DOAF;59;30.11.2026;;;Keg;60
10.27.2025 17:15:16;Nébuleuse;MOOF;111;30.11.2026;;;Keg;240
10.28.2025 12:29:54;Nébuleuse;ZEPV;191;31.10.2026;;;Cuv;1000
10.28.2025 12:31:03;Nébuleuse;ZEPV;191;31.10.2026;;;Cuv;1000
10.28.2025 15:09:31;Nébuleuse;ZEPF;191;31.12.2026;;;Keg;28
10.28.2025 15:12:52;Nébuleuse;DOA4;59;30.11.2026;;;Bot;13318
10.29.2025 16:50:29;Nébuleuse;ZEPC;191;30.11.2026;;;Can;8513
10.30.2025 14:52:58;Nébuleuse;DIV4;36;30.11.2026;;;Bot;2616
10.30.2025 14:56:07;Nébuleuse;DIVB;36;30.11.2026;;;Bot;3065
10.31.2025 16:31:18;Nébuleuse;ZEPF;191;30.11.2026;;;Keg;240
11.3.2025 16:49:13;Nébuleuse;EMBF;219;30.11.2026;;;Keg;327
11.4.2025 11:48:06;Nébuleuse;EMBB;219;30.11.2026;;;Bot;1296
11.4.2025 11:50:10;Nébuleuse;EMB4;219;30.11.2026;;;Bot;1248
11.5.2025 15:17:31;Nébuleuse;MOOB;111;30.11.2026;;;Bot;5027
11.5.2025 15:20:56;Nébuleuse;MOO4;111;30.11.2026;;;Bot;6793
11.6.2025 9:44:35;Nébuleuse;ZEPV;191;06.11.2026;;;Cuv;1000
11.6.2025 14:42:01;Nébuleuse;SPY4;56;30.11.2026;;;Bot;10464
11.7.2025 11:02:33;Nébuleuse;DIBB;4;30.11.2026;;;Bot;2835
11.7.2025 15:44:45;Nébuleuse;SPY4;57;30.11.2026;;;Bot;3805
11.11.2025 11:12:33;Nébuleuse;ZEPV;192;11.11.2026;;;Cuv;1000
11.11.2025 14:37:52;Nébuleuse;ZEPV;192;11.11.2026;;;Cuv;1000
11.11.2025 15:58:48;Nébuleuse;DIVB;38;30.11.2026;;;Bot;9799
11.11.2025 16:01:28;Nébuleuse;DIV4;38;30.11.2026;;;Bot;1392
11.12.2025 15:58:13;Nébuleuse;EMB4;220;30.11.2026;;;Bot;7875
11.12.2025 16:00:22;Nébuleuse;EMBB;220;30.11.2026;;;Bot;7200
11.13.2025 16:05:19;Nébuleuse;STI4;164;30.11.2026;;;Bot;13216
11.13.2025 16:08:13;Nébuleuse;ZEPF;192;30.11.2026;;;Keg;120
11.14.2025 15:16:06;Nébuleuse;STIF;164;30.11.2026;;;Keg;186
11.18.2025 10:58:58;Nébuleuse;ZEPV;192;18.11.2026;;;Cuv;1000
11.18.2025 17:04:38;Nébuleuse;EMB4C;220;30.11.2026;;;Can;8461
11.19.2025 13:04:27;Nébuleuse;EMB4;220;30.11.2026;;;Bot;3840
11.20.2025 17:40:30;Nébuleuse;ZEPB;192;30.11.2026;;;Bot;10440
11.20.2025 17:44:42;Nébuleuse;ZEP4;192;30.11.2026;;;Bot;2760
11.21.2025 16:35:35;Nébuleuse;ZEPF;192;30.11.2026;;;Keg;330
11.24.2025 16:49:50;Nébuleuse;MOOF;112;31.12.2026;;;Keg;314
11.25.2025 13:57:32;Nébuleuse;ZEPV;192;25.11.2026;;;Cuv;1000
11.25.2025 13:59:00;Nébuleuse;ZEPV;192;25.11.2026;;;Cuv;1000
11.25.2025 15:50:21;Nébuleuse;MOOB;112;31.12.2026;;;Bot;10688
11.25.2025 15:52:27;Nébuleuse;MOO4;112;31.12.2026;;;Bot;2592
11.26.2025 12:06:45;Contract;;;;Docks - NEIPA;1;Bot;1080
11.26.2025 15:06:59;Contract;;;;Docks - NEIPA;1;Keg;101
11.27.2025 14:04:04;Nébuleuse;DIVB;38;31.12.2026;;;Bot;2902
11.27.2025 14:07:19;Nébuleuse;DIV4;38;31.12.2026;;;Bot;5687
11.28.2025 16:36:04;Nébuleuse;EMBF;221;31.12.2026;;;Keg;270
12.1.2025 13:24:59;Nébuleuse;EMBF;221;31.12.2026;;;Keg;147
12.2.2025 10:53:20;Nébuleuse;SPY4;56;31.12.2026;;;Bot;5098
12.2.2025 21:28:02;Nébuleuse;SPY4;58;31.12.2025;;;Bot;8400
12.3.2025 11:32:00;Nébuleuse;SPY4C;56;31.12.2026;;;Can;4272
12.3.2025 17:23:31;Nébuleuse;STI4C;165;31.12.2026;;;Can;4287
12.4.2025 13:09:26;Nébuleuse;ZEPC;193;31.12.2026;;;Can;4230
12.4.2025 13:48:55;Nébuleuse;EPH4F;25;30.06.2027;;;Keg;152
12.4.2025 17:04:13;Nébuleuse;ZEPV;193;04.12.2026;;;Cuv;1000
12.4.2025 19:26:49;Nébuleuse;STI4;165;31.12.2026;;;Bot;6156
12.5.2025 12:41:19;Nébuleuse;DOA4;60;31.12.2026;;;Bot;7462
12.5.2025 13:27:27;Nébuleuse;SPYF;56;05.12.2026;;;Keg;55
12.5.2025 13:28:58;Nébuleuse;SPYF;56;05.12.2026;;;Keg;0
12.8.2025 17:37:20;Nébuleuse;ZEPF;193;31.12.2026;;;Keg;299
12.8.2025 17:40:28;Nébuleuse;ZEPB;193;31.12.2026;;;Bot;2529
12.9.2025 13:19:00;Nébuleuse;EMB4;222;30.11.2026;;;Bot;5736
12.9.2025 13:20:22;Nébuleuse;EMBB;222;30.11.2026;;;Bot;5617
12.9.2025 14:39:55;Nébuleuse;ZEPV;193;09.12.2026;;;Cuv;1000
12.9.2025 20:53:08;Nébuleuse;EST4;13;31.12.2026;;;Bot;8288
12.10.2025 16:02:51;Nébuleuse;ALTB;4;31.12.2026;;;Bot;8212
12.11.2025 17:14:23;Nébuleuse;MOOB;113;31.12.2026;;;Bot;5040
12.11.2025 17:21:44;Nébuleuse;MOO4;113;31.12.2026;;;Bot;6188
12.12.2025 12:51:28;Nébuleuse;DIBB;5;31.12.2026;;;Bot;3453
12.15.2025 16:24:42;Nébuleuse;ZEP4;194;31.12.2026;;;Bot;9528
12.16.2025 17:31:25;Nébuleuse;EMBF;222;31.12.2026;;;Keg;335
12.16.2025 17:54:14;Nébuleuse;STI4;165;31.12.2026;;;Bot;11579
12.17.2025 16:38:51;Nébuleuse;DIV4;37;31.12.2026;;;Bot;5016
12.17.2025 16:40:40;Nébuleuse;DIVB;37;17.12.2026;;;Bot;6003
12.17.2025 17:14:07;Nébuleuse;ZEPF;194;31.12.2026;;;Keg;270
12.18.2025 15:44:23;Nébuleuse;EMB4;223;31.12.2026;;;Bot;10296
12.18.2025 15:45:42;Nébuleuse;EMBB;223;31.12.2026;;;Bot;5192
12.18.2025 16:56:13;Nébuleuse;MOOF;113;31.12.2026;;;Keg;300
12.19.2025 12:54:18;Nébuleuse;EPH4B;25;30.06.2027;;;Bot;4800
12.19.2025 17:48:45;Nébuleuse;ZEPF;194;31.12.2026;;;Keg;217
12.20.2025 12:26:36;Nébuleuse;ZEPV;194;20.12.2026;;;Cuv;1000
12.22.2025 10:37:11;Nébuleuse;ZEPV;194;22.12.2026;;;Cuv;1000
12.23.2025 14:17:54;Nébuleuse;SPY4;59;31.01.2027;;;Bot;7710
12.23.2025 16:08:56;Nébuleuse;EMBF;223;31.01.2027;;;Keg;276
12.24.2025 10:37:20;Nébuleuse;EPH4F;25;30.06.2027;;;Keg;29
